timestamp,ip,status,method,url
2026-04-01 09:00:01,192.168.1.1,200,GET,/home
2026-04-01 09:01:15,192.168.1.2,403,POST,/login
2026-04-01 09:02:30,192.168.1.3,200,GET,/about
2026-04-01 09:03:10,192.168.1.4,500,GET,/dashboard
2026-04-01 09:04:50,192.168.1.1,200,GET,/profile
2026-04-01 09:05:22,192.168.1.2,403,POST,/login
2026-04-01 09:06:40,192.168.1.5,200,GET,/home
2026-04-01 09:07:05,192.168.1.6,404,GET,/unknown
2026-04-01 09:08:15,192.168.1.2,403,POST,/login
2026-04-01 09:09:30,192.168.1.7,200,GET,/home
2026-04-01 09:10:01,192.168.1.8,500,GET,/server
2026-04-01 09:11:45,192.168.1.3,200,GET,/products
2026-04-01 09:12:30,192.168.1.2,403,POST,/login
2026-04-01 09:13:50,192.168.1.9,200,GET,/home
2026-04-01 09:14:05,192.168.1.10,200,GET,/contact
2026-04-01 09:15:20,192.168.1.2,403,POST,/login
2026-04-01 09:16:33,192.168.1.11,404,GET,/random
2026-04-01 09:17:41,192.168.1.12,200,GET,/home
2026-04-01 09:18:22,192.168.1.1,200,GET,/settings
2026-04-01 09:19:30,192.168.1.13,500,GET,/api
2026-04-01 09:20:11,192.168.1.2,403,POST,/login
2026-04-01 09:21:09,192.168.1.14,200,GET,/home
2026-04-01 09:22:33,192.168.1.15,200,GET,/blog
2026-04-01 09:23:55,192.168.1.2,403,POST,/login
2026-04-01 09:24:20,192.168.1.16,404,GET,/test
2026-04-01 09:25:45,192.168.1.17,200,GET,/home
2026-04-01 09:26:30,192.168.1.2,403,POST,/login
2026-04-01 09:27:10,192.168.1.18,200,GET,/home
2026-04-01 09:28:55,192.168.1.19,500,GET,/error
2026-04-01 09:29:40,192.168.1.20,200,GET,/home
2026-04-01 09:30:01,192.168.1.2,403,POST,/login
2026-04-01 09:31:22,192.168.1.21,200,GET,/about
2026-04-01 09:32:10,192.168.1.22,404,GET,/lost
2026-04-01 09:33:50,192.168.1.23,200,GET,/home
2026-04-01 09:34:11,192.168.1.2,403,POST,/login
2026-04-01 09:35:33,192.168.1.24,200,GET,/home
2026-04-01 09:36:45,192.168.1.25,500,GET,/fail
2026-04-01 09:37:20,192.168.1.2,403,POST,/login
2026-04-01 09:38:10,192.168.1.26,200,GET,/home
2026-04-01 09:39:55,192.168.1.27,200,GET,/home
2026-04-01 09:40:30,192.168.1.2,403,POST,/login
2026-04-01 09:41:15,192.168.1.28,404,GET,/404
2026-04-01 09:42:05,192.168.1.29,200,GET,/home
2026-04-01 09:43:50,192.168.1.30,200,GET,/home
2026-04-01 09:44:20,192.168.1.2,403,POST,/login
2026-04-01 09:45:33,192.168.1.31,500,GET,/down
2026-04-01 09:46:18,192.168.1.32,200,GET,/home
2026-04-01 09:47:25,192.168.1.2,403,POST,/login
2026-04-01 09:48:50,192.168.1.33,200,GET,/home
2026-04-01 09:49:59,192.168.1.34,200,GET,/home
