timestamp,ip,method,url,status,size
01/Apr/2026:08:00:01,192.168.1.10,GET,/home,200,1024
01/Apr/2026:08:01:12,192.168.1.11,GET,/about,200,2048
01/Apr/2026:08:02:20,192.168.1.12,GET,/contact,200,1024
01/Apr/2026:08:03:45,192.168.1.13,GET,/home,200,1024
01/Apr/2026:08:04:55,192.168.1.14,GET,/shop,200,2048

01/Apr/2026:09:00:01,192.168.1.2,POST,/login,403,512
01/Apr/2026:09:00:02,192.168.1.45,POST,/login,401,512
01/Apr/2026:09:00:03,192.168.1.99,POST,/login,403,512
01/Apr/2026:09:00:04,192.168.1.150,POST,/login,429,256
01/Apr/2026:09:00:05,192.168.1.200,POST,/login,403,512
01/Apr/2026:09:00:06,192.168.1.2,POST,/login,403,512
01/Apr/2026:09:00:07,192.168.1.45,POST,/login,401,512
01/Apr/2026:09:00:08,192.168.1.99,POST,/login,403,512
01/Apr/2026:09:00:09,192.168.1.150,POST,/login,429,256
01/Apr/2026:09:00:10,192.168.1.2,POST,/login,200,700

01/Apr/2026:09:01:11,192.168.1.60,GET,/admin,403,256
01/Apr/2026:09:01:12,192.168.1.61,GET,/config,403,256
01/Apr/2026:09:01:13,192.168.1.62,GET,/backup,404,128
01/Apr/2026:09:01:14,192.168.1.63,GET,/api/v1/users,200,2048
01/Apr/2026:09:01:15,192.168.1.64,GET,/api/v1/data,500,256

01/Apr/2026:10:00:01,192.168.1.20,GET,/home,200,1024
01/Apr/2026:10:01:02,192.168.1.21,GET,/blog,200,2048
01/Apr/2026:10:02:03,192.168.1.22,GET,/home,200,1024
01/Apr/2026:10:03:04,192.168.1.23,GET,/shop,200,2048
01/Apr/2026:10:04:05,192.168.1.24,GET,/home,301,512

01/Apr/2026:11:00:01,192.168.1.2,POST,/login,403,512
01/Apr/2026:11:00:02,192.168.1.45,POST,/login,403,512
01/Apr/2026:11:00:03,192.168.1.99,POST,/login,401,512
01/Apr/2026:11:00:04,192.168.1.150,POST,/login,429,256
01/Apr/2026:11:00:05,192.168.1.200,POST,/login,403,512
01/Apr/2026:11:00:06,192.168.1.201,POST,/login,403,512
01/Apr/2026:11:00:07,192.168.1.202,POST,/login,403,512
01/Apr/2026:11:00:08,192.168.1.203,POST,/login,429,256
01/Apr/2026:11:00:09,192.168.1.204,POST,/login,401,512
01/Apr/2026:11:00:10,192.168.1.205,POST,/login,403,512

01/Apr/2026:11:01:11,192.168.1.70,GET,/search?q=admin,400,256
01/Apr/2026:11:01:12,192.168.1.71,GET,/search?q=password,400,256
01/Apr/2026:11:01:13,192.168.1.72,GET,/login.php,404,128
01/Apr/2026:11:01:14,192.168.1.73,GET,/wp-admin,403,256
01/Apr/2026:11:01:15,192.168.1.74,GET,/server-status,503,256

01/Apr/2026:12:00:01,192.168.1.30,GET,/home,200,1024
01/Apr/2026:12:01:02,192.168.1.31,GET,/about,200,2048
01/Apr/2026:12:02:03,192.168.1.32,GET,/contact,200,1024
01/Apr/2026:12:03:04,192.168.1.33,GET,/home,200,1024
01/Apr/2026:12:04:05,192.168.1.34,GET,/shop,200,2048